timestamp,pm25,pm10
1619624145,3.7,8.8
1619624444,3.7,9.8
1619624745,3.3,11.9
1619625044,3.0,6.6
1619625344,2.7,5.6
1619625645,2.7,4.0
1619625944,2.5,4.4
1619626244,2.9,5.5
1619626545,2.7,4.8
1619626844,2.3,3.6
1619627145,2.4,4.5
1619627444,2.6,4.6
1619627744,2.3,4.1
1619628045,2.6,4.0
1619628344,2.6,3.7
1619628644,2.3,4.2
1619628945,2.6,5.4
1619629244,2.4,3.2
1619629544,2.4,4.4
1619629844,2.1,3.4
1619630144,2.2,3.7
1619630444,2.2,3.9
1619630744,2.2,3.5
1619631044,2.2,3.5
1619631345,2.2,3.7
1619631644,2.5,4.1
1619631944,2.3,4.4
1619632245,2.3,3.6
1619632544,2.2,3.2
1619632844,2.1,3.1
1619633145,2.4,4.4
1619633444,2.6,4.2
1619633744,2.9,4.2
1619634044,2.5,3.1
1619634345,2.5,5.3
1619634644,2.4,4.7
1619634944,2.5,3.4
1619635245,2.2,4.1
1619635544,2.7,6.1
1619635844,2.4,3.1
1619636145,2.6,4.6
1619636444,2.7,3.7
1619636744,2.6,3.6
1619637045,2.8,3.5
1619637344,2.9,4.0
1619637644,2.9,5.8
1619637945,2.7,3.8
1619638244,2.7,4.1
1619638544,2.4,3.5
1619638844,2.6,4.1
1619639145,2.7,4.2
1619639444,2.6,3.7
1619639744,2.9,4.2
1619640045,2.8,3.7
1619640344,3.0,6.1
1619640644,2.7,4.0
1619640944,2.6,8.1
1619641245,2.9,5.4
1619641544,3.0,6.6
1619641844,3.4,8.2
1619642145,3.7,7.0
1619642444,3.2,5.0
1619642744,3.5,5.9
1619643045,3.5,5.1
1619643344,3.3,5.2
1619643644,3.0,4.8
1619643944,3.2,5.1
1619644245,3.2,5.0
1619644544,3.3,5.5
1619644844,3.5,6.2
1619645145,3.6,4.9
1619645444,3.0,5.0
1619645744,3.1,5.0
1619646044,2.8,3.6
1619646345,2.9,3.7
1619646644,3.2,5.3
1619646944,2.9,4.2
1619647245,2.9,3.7
1619647544,3.4,5.0
1619647844,3.3,5.8
1619648144,3.1,5.0
1619648445,3.4,5.3
1619648744,3.3,5.3
1619649044,3.7,5.3
1619649345,3.2,5.1
1619649644,3.4,4.9
1619649944,3.4,4.6
1619650244,3.2,4.3
1619650545,3.2,4.6
1619650844,3.4,4.5
1619651144,3.3,4.8
1619651444,3.2,5.5
1619651745,3.6,5.8
1619652044,3.3,5.1
1619652344,3.5,4.5
1619652645,3.0,4.4
1619652944,3.2,4.7
1619653244,3.2,4.6
1619653544,3.3,4.6
1619653845,3.4,5.1
1619654144,3.3,5.3
1619654444,9.8,15.5
1619654744,10.2,15.2
1619655045,10.4,15.3
1619655344,10.6,14.8
1619655644,10.1,13.8
1619655944,8.6,12.6
1619656244,8.3,11.5
1619656545,7.2,13.1
1619656845,6.1,8.8
1619657144,6.1,10.6
1619657444,6.0,8.9
1619657745,5.2,7.4
1619658045,5.1,7.7
1619658344,5.2,8.6
1619658644,4.8,7.5
1619658944,4.5,6.9
1619659245,4.6,7.5
1619659544,4.8,7.8
1619659844,4.7,6.6
1619660144,4.9,8.5
1619660444,4.6,8.3
1619660745,5.2,8.4
1619661044,4.4,6.3
1619661344,4.7,6.9
1619661644,4.9,9.0
1619661945,4.6,8.3
1619662244,4.7,8.3
1619662544,4.6,7.4
1619662844,4.5,6.9
1619663144,4.5,6.4
1619663444,4.2,6.2
1619663745,4.1,6.4
1619664044,4.2,6.1
1619664344,4.1,6.1
1619664644,3.7,6.2
1619664944,3.9,5.2
1619665245,3.7,6.4
1619665544,3.9,6.7
1619665844,3.5,4.4
1619666144,3.5,5.0
1619666444,3.9,5.8
1619666745,3.9,5.9
1619667045,3.6,6.0
1619667344,4.0,6.4
1619667644,4.0,5.6
1619667944,3.8,6.1
1619668244,3.4,5.7
1619668545,3.7,5.2
1619668844,3.7,4.9
1619669144,3.8,6.4
1619669444,4.0,6.1
1619669744,3.6,4.7
1619670045,3.7,5.8
1619670345,3.9,6.0
1619670644,3.7,5.7
1619670944,3.8,6.1
1619671244,3.9,5.7
1619671544,3.8,5.7
1619671845,3.8,6.0
1619672145,3.4,5.4
1619672444,3.8,5.1
1619672744,3.5,6.5
1619673044,3.7,7.5
1619673344,3.7,9.9
1619673645,3.6,5.8
1619673944,3.6,6.4
1619674244,3.0,5.7
1619674544,3.0,4.8
1619674844,3.1,6.1
1619675144,3.0,5.3
1619675445,3.0,6.8
1619675745,3.0,5.0
1619676044,2.9,4.1
1619676344,3.1,4.3
1619676644,3.1,6.3
1619676944,3.3,5.2
1619677244,3.3,6.2
1619677545,2.7,3.5
1619677845,2.8,3.8
1619678144,2.9,4.0
1619678444,2.6,6.0
1619678744,2.6,4.5
1619679044,2.8,4.6
1619679344,2.7,4.7
1619679644,2.4,3.1
1619679945,2.6,5.1
1619680244,2.7,3.7
1619680544,2.7,4.4
1619680844,3.0,4.6
1619681144,3.5,5.0
1619681444,3.4,5.2
1619681744,3.2,5.2
1619682045,3.3,4.1
1619682345,3.3,7.3
1619682645,2.9,7.0
1619682944,2.7,3.9
1619683244,2.9,5.8
1619683544,3.0,4.4
1619683844,2.6,4.7
1619684144,2.8,3.5
1619684444,2.6,3.5
1619684744,2.7,4.3
1619685045,2.6,3.2
1619685345,2.8,7.2
1619685645,3.1,4.7
1619685945,3.3,4.2
1619686244,3.6,4.3
1619686544,4.7,6.9
1619686844,4.6,7.3
1619687144,4.9,6.9
1619687444,5.3,6.7
1619687744,5.7,8.0
1619688044,4.7,8.7
1619688345,4.9,6.2
1619688645,4.4,8.4
1619688944,4.7,6.8
1619689244,6.6,11.5
1619689544,5.2,10.7
1619689845,5.6,10.3
1619690145,5.4,10.5
1619690445,5.3,11.8
1619690745,4.3,7.9
1619691044,4.3,8.4
1619691344,3.7,8.0
1619691644,3.6,5.4
1619691944,3.3,6.0
1619692244,3.3,5.3
1619692544,3.2,4.7
1619692844,2.6,4.5
1619693144,2.4,4.5
1619693444,2.8,5.3
1619693745,3.9,8.3
1619694045,4.0,5.3
1619694345,4.5,7.1
1619694645,4.5,7.0
1619694944,4.2,6.7
1619695244,4.6,6.5
1619695544,4.1,7.6
1619695844,4.2,6.5
1619696144,4.1,6.9
1619696444,3.0,4.3
1619696744,3.0,4.0
1619697044,3.0,4.6
1619697344,2.8,3.7
1619697644,2.6,5.0
1619697944,2.8,5.3
1619698244,2.5,4.2
1619698544,2.4,4.8
1619698844,2.5,4.3
1619699144,2.4,5.5
1619699443,None,None
1619699745,2.3,5.6
1619700045,2.3,4.8
1619700345,2.4,5.8
1619700645,2.2,3.9
1619700945,2.1,4.5
1619701245,2.2,5.9
1619701545,2.0,4.8
1619701845,1.8,4.0
1619702145,2.2,6.3
1619702445,2.2,7.9
1619702745,2.6,15.0
1619703045,1.8,6.6
1619703345,1.5,3.0
1619703645,2.5,11.6
1619703945,2.0,6.9
1619704245,1.8,4.4
1619704545,1.8,5.5
1619704845,1.7,3.7
1619705145,1.5,3.4
1619705445,1.4,3.5
1619705745,1.6,2.9
1619706045,1.6,4.6
1619706345,1.2,1.7
1619706645,1.6,3.6
1619706945,1.3,3.0
1619707245,1.6,6.8
1619707545,1.6,3.5
1619707845,1.4,4.0
1619708145,1.2,3.6
1619708445,1.2,3.8
1619708745,1.9,6.8
1619709045,1.8,6.7
1619709344,1.9,3.7
1619709644,2.3,3.3
1619709944,3.0,7.6
1619710244,2.2,4.3
1619710544,1.8,4.1
1619710844,1.6,3.0
1619711144,1.4,3.0
1619711444,1.5,3.5
1619711744,1.4,2.5
1619712044,1.4,2.7
1619712344,1.1,2.2
1619712644,1.1,2.4
1619712944,1.0,1.9
1619713244,1.2,2.4
1619713544,1.6,3.9
1619713844,1.8,3.5
1619714144,1.4,2.7
1619714444,2.0,6.1
1619714744,1.9,2.8
1619715044,1.7,3.9
1619715344,1.7,3.3
1619715644,1.7,3.4
1619715944,1.5,4.6
1619716244,1.6,2.1
1619716544,1.6,1.9
1619716844,1.6,2.6
1619717144,1.4,2.9
1619717444,1.6,3.6
1619717744,1.7,2.1
1619718044,1.7,3.2
1619718345,1.9,4.0
1619718645,1.9,4.0
1619718945,1.9,2.9
1619719245,2.1,2.7
1619719544,1.9,3.4
1619719844,1.9,2.5
1619720144,1.9,2.4
1619720444,2.2,3.3
1619720744,2.0,2.9
1619721044,1.9,2.5
1619721344,2.0,2.3
1619721644,1.9,3.0
1619721944,2.1,2.8
1619722244,2.0,2.7
1619722544,1.8,3.4
1619722844,1.6,2.2
1619723145,1.8,2.6
1619723445,1.8,2.7
1619723745,1.9,2.1
1619724045,1.8,2.1
1619724344,1.7,2.4
1619724644,1.5,2.4
1619724944,1.8,3.3
1619725244,1.5,2.6
1619725544,1.6,2.5
1619725844,2.1,3.7
1619726144,2.6,6.0
1619726444,1.9,4.0
1619726744,1.8,4.3
1619727044,2.0,2.8
1619727345,1.8,3.6
1619727645,1.5,3.5
1619727945,1.7,3.1
1619728244,1.4,1.7
1619728544,1.7,2.8
1619728844,1.6,2.1
1619729144,1.8,2.8
1619729444,1.7,3.2
1619729744,1.8,4.1
1619730044,1.5,1.6
1619730344,1.7,2.7
1619730645,1.9,2.7
1619730945,1.9,3.0
1619731245,1.9,2.1
1619731544,1.7,3.0
1619731844,1.8,2.1
1619732144,1.7,2.8
1619732444,1.6,1.9
1619732744,1.7,2.7
1619733044,1.7,2.0
1619733345,12.0,13.4
1619733645,12.7,14.1
1619733945,12.2,13.6
1619734244,10.9,12.1
1619734544,11.0,12.8
1619734844,11.1,12.4
1619735144,9.1,10.2
1619735444,6.5,7.8
1619735744,5.4,6.8
1619736045,4.7,5.8
1619736345,3.3,4.2
1619736645,3.0,3.4
1619736944,2.4,3.3
1619737244,2.0,3.5
1619737544,1.5,1.9
1619737844,1.6,2.6
1619738144,1.3,2.1
1619738444,1.4,2.8
1619738745,1.4,1.9
1619739045,1.3,1.4
1619739344,1.3,1.5
1619739644,1.3,1.4
1619739944,1.3,1.9
1619740244,1.0,1.1
1619740544,1.2,1.4
1619740844,1.1,1.2
1619741144,1.0,1.3
1619741445,1.1,1.2
1619741745,0.9,0.9
1619742044,0.9,1.1
1619742344,0.9,1.0
1619742644,1.2,2.0
1619742944,1.0,1.1
1619743244,1.0,1.5
1619743545,1.5,2.9
1619743845,1.0,1.4
1619744144,1.0,2.2
1619744444,1.1,1.6
1619744744,1.0,1.8
1619745044,1.1,1.5
1619745345,1.1,2.0
1619745645,1.1,2.4
1619745944,1.1,1.7
1619746244,1.0,1.6
1619746544,1.0,1.2
1619746844,1.0,1.1
1619747144,1.1,1.4
1619747445,1.1,1.2
1619747744,0.9,1.6
1619748044,0.8,0.8
1619748344,1.0,2.1
1619748644,0.9,1.5
1619748944,0.8,1.8
1619749245,0.8,1.2
1619749544,0.8,1.0
1619749844,0.8,1.1
1619750144,0.9,1.1
1619750444,0.7,0.8
1619750745,0.9,1.4
1619751045,1.0,1.5
1619751344,0.8,1.6
1619751644,1.1,2.5
1619751944,1.0,2.3
1619752244,0.8,1.2
1619752545,1.0,2.7
1619752844,1.0,2.9
1619753144,0.9,1.1
1619753444,1.0,1.2
1619753744,0.8,1.1
1619754045,1.1,2.1
1619754344,0.8,1.1
1619754644,0.9,1.3
1619754944,1.0,1.5
1619755244,1.0,1.9
1619755544,0.9,2.2
1619755845,0.9,1.4
1619756144,0.9,1.0
1619756444,0.7,1.6
1619756744,0.8,1.8
1619757044,0.8,0.9
1619757345,1.0,1.3
1619757644,1.0,1.2
1619757944,0.8,2.1
1619758244,0.8,0.9
1619758545,0.6,1.9
1619758845,0.8,1.6
1619759144,0.8,2.2
1619759444,0.9,2.8
1619759744,0.9,1.7
1619760045,0.8,2.3
1619760344,1.7,4.3
1619760644,2.6,9.8
1619760944,2.2,8.2
1619761245,3.1,9.3
1619761545,2.6,6.6
1619761844,2.7,7.9
1619762144,2.6,8.0
1619762444,2.0,7.9
1619762745,2.4,6.8
1619763045,1.9,4.1
1619763344,1.8,6.3
1619763644,1.6,6.1
1619763944,1.5,6.3
1619764245,1.7,4.9
1619764544,1.7,7.6
1619764844,1.5,4.7
1619765144,1.5,5.8
1619765445,1.6,3.8
1619765745,1.5,4.6
1619766044,1.2,2.4
1619766344,1.6,4.5
1619766644,1.4,3.7
1619766945,1.0,4.2
1619767244,1.1,2.9
1619767544,1.2,2.5
1619767844,1.1,1.3
1619768144,1.0,3.1
1619768445,1.0,2.3
1619768744,1.1,1.9
1619769044,1.5,2.9
1619769344,1.0,2.8
1619769645,1.1,2.2
1619769944,1.3,3.6
1619770244,1.2,7.5
1619770544,0.9,3.7
1619770845,1.2,3.9
1619771144,1.2,3.4
1619771444,1.1,2.4
1619771744,1.1,4.9
1619772045,1.0,1.4
1619772344,1.2,3.3
1619772644,1.3,3.7
1619772945,1.5,4.6
1619773244,1.3,2.5
1619773544,1.4,4.3
1619773844,1.3,2.2
1619774145,1.3,2.3
1619774444,1.0,1.7
1619774744,1.3,3.6
1619775044,1.2,2.2
1619775344,1.4,2.6
1619775645,1.2,2.3
1619775945,1.1,1.4
1619776244,1.4,3.9
1619776544,1.5,9.1
1619776845,1.3,4.2
1619777144,1.4,7.7
1619777444,1.1,2.7
1619777745,1.3,4.9
1619778044,1.2,3.8
1619778344,1.2,3.4
1619778645,1.2,4.6
1619778944,1.2,3.2
1619779244,1.0,3.5
1619779545,0.8,1.9
1619779844,1.0,2.3
1619780144,1.2,3.2
1619780444,1.1,13.4
1619780744,1.1,3.9
1619781044,1.7,9.1
1619781344,1.4,5.4
1619781645,1.4,4.5
1619781944,1.5,4.8
1619782244,1.6,5.1
1619782545,1.5,3.7
1619782844,1.6,4.1
1619783144,1.8,4.9
1619783445,1.3,3.9
1619783744,1.7,5.8
1619784044,1.6,3.0
1619784345,1.8,5.6
1619784644,1.9,13.1
1619784944,1.8,3.8
1619785244,1.8,5.3
1619785544,1.9,7.7
1619785844,1.6,4.4
1619786144,1.8,6.0
1619786444,1.6,2.8
1619786744,1.8,6.3
1619787044,1.9,5.4
1619787345,2.0,5.8
1619787644,1.7,5.2
1619787944,2.2,5.5
1619788245,1.7,3.7
1619788544,1.7,5.8
1619788844,1.8,4.2
1619789145,2.0,3.4
1619789444,1.8,3.9
1619789744,2.2,4.8
1619790045,2.1,4.4
1619790344,1.8,4.6
1619790645,2.0,3.1
1619790944,1.6,4.2
1619791244,1.7,2.2
1619791545,2.0,5.8
1619791844,1.8,3.4
1619792144,1.7,6.2
1619792445,1.7,4.0
1619792744,1.8,4.4
1619793044,1.9,4.3
1619793345,2.0,5.7
1619793644,1.8,3.9
1619793944,1.8,6.5
1619794244,1.8,5.1
1619794544,1.7,6.0
1619794844,1.8,6.1
1619795144,1.5,4.8
1619795444,1.4,3.2
1619795745,1.4,4.3
1619796044,1.3,2.8
1619796344,1.3,1.7
1619796645,1.6,2.3
1619796944,1.5,3.6
1619797245,1.5,2.9
1619797544,1.4,2.8
1619797844,1.3,1.9
1619798145,1.4,2.0
1619798444,1.5,2.5
1619798745,1.7,6.1
1619799044,2.0,5.7
1619799345,1.5,5.2
1619799644,1.3,5.6
1619799944,1.4,3.9
1619800245,1.3,6.9
1619800544,1.4,4.1
1619800845,1.2,3.1
1619801144,1.1,4.0
1619801444,1.3,3.2
1619801744,1.5,6.3
1619802044,1.4,6.2
1619802345,1.6,8.7
1619802644,1.5,7.8
1619802944,4.3,33.1
1619803244,5.5,36.2
1619803544,4.1,31.8
1619803845,4.0,26.7
1619804144,4.1,21.1
1619804445,4.2,24.4
1619804744,4.1,12.9
1619805044,4.3,19.2
1619805344,3.8,10.5
1619805644,4.4,18.1
1619805945,5.0,21.3
1619806244,4.7,15.4
1619806545,4.7,14.3
1619806844,4.6,15.3
1619807145,4.8,15.6
1619807444,4.5,12.6
1619807744,3.9,11.2
1619808045,3.6,10.2
1619808344,5.0,9.1
1619808645,4.5,8.9
1619808944,3.4,5.5
1619809245,3.0,6.6
1619809544,2.7,4.9
1619809844,2.3,4.2
1619810144,2.4,4.6
1619810444,2.2,3.5
1619810745,2.3,4.1
1619811044,2.3,4.5
1619811345,2.3,3.3
1619811644,2.2,2.9
1619811945,2.2,3.0
1619812244,2.1,2.7
1619812545,2.2,4.3
1619812844,1.9,2.5
1619813144,2.0,3.1
1619813444,2.1,3.4
1619813745,2.0,2.5
1619814044,1.9,2.1
1619814344,1.7,2.6
1619814645,1.8,2.6
1619814944,2.3,3.2
1619815244,2.1,3.5
1619815544,1.9,3.0
1619815845,1.9,2.7
1619816145,1.8,2.2
1619816444,1.8,2.0
1619816744,1.8,2.5
1619817045,2.0,3.3
1619817344,1.8,2.8
1619817644,1.7,2.8
1619817945,2.0,5.1
1619818244,2.1,6.0
1619818544,2.1,5.2
1619818844,1.9,4.5
1619819145,1.9,3.1
1619819444,1.9,3.4
1619819744,1.9,5.0
1619820045,1.8,5.0
1619820344,1.8,3.5
1619820644,1.7,4.2
1619820944,1.7,4.3
1619821244,2.0,5.0
1619821544,1.7,4.2
1619821844,1.8,3.1
1619822145,1.9,2.9
1619822444,1.8,3.5
1619822744,1.7,2.8
1619823045,1.7,2.3
1619823344,1.7,3.5
1619823644,1.9,3.5
1619823945,1.7,3.2
1619824244,1.7,2.0
1619824544,1.8,2.9
1619824845,1.8,2.8
1619825144,7.0,9.8
1619825444,7.1,10.8
1619825745,7.3,12.1
1619826044,6.5,8.6
1619826344,6.3,9.9
1619826645,4.8,7.0
1619826944,4.4,6.6
1619827244,3.5,7.0
1619827545,3.0,4.7
1619827844,3.1,5.2
1619828144,2.7,3.3
1619828445,2.5,4.3
1619828744,2.1,4.2
1619829044,2.3,3.9
1619829344,2.3,5.0
1619829644,2.2,3.4
1619829944,2.1,4.6
1619830245,1.8,3.0
1619830544,2.0,3.5
1619830844,1.7,3.4
1619831145,1.9,3.4
1619831444,1.7,2.9
1619831744,1.8,2.7
1619832045,1.9,2.7
1619832344,1.8,3.1
1619832644,1.9,3.0
1619832944,1.9,2.6
1619833244,1.4,2.0
1619833545,1.6,2.6
1619833844,1.8,3.2
1619834144,1.6,2.2
1619834445,1.6,3.1
1619834744,1.7,2.3
1619835044,1.7,3.3
1619835344,1.9,3.0
1619835644,1.6,2.0
1619835945,1.9,3.8
1619836244,1.7,2.4
1619836544,2.1,2.6
1619836845,1.8,3.5
1619837144,2.1,3.4
1619837444,2.1,3.2
1619837744,2.0,3.9
1619838044,2.1,3.4
1619838345,1.9,3.0
1619838644,1.9,4.5
1619838944,1.9,2.9
1619839245,1.9,3.2
1619839544,2.1,2.9
1619839845,1.8,3.3
1619840144,1.8,3.1
1619840444,1.8,2.5
1619840745,2.1,4.1
1619841044,2.0,4.4
1619841345,2.0,2.7
1619841644,2.2,3.6
1619841944,1.8,3.1
1619842245,2.1,4.9
1619842544,1.8,3.8
1619842845,1.9,2.7
1619843144,1.9,5.2
1619843444,2.1,4.1
1619843745,1.9,3.2
1619844044,2.0,3.8
1619844344,1.9,3.1
1619844644,2.0,2.7
1619844944,1.9,3.4
1619845244,2.6,6.0
1619845544,2.0,2.9
1619845844,2.0,3.0
1619846145,2.1,4.5
1619846444,2.2,6.0
1619846744,1.7,4.5
1619847045,1.8,3.0
1619847344,1.7,4.1
1619847645,1.9,4.8
1619847944,1.7,4.1
1619848244,1.6,2.1
1619848545,2.1,4.0
1619848844,2.1,2.9
1619849144,2.4,5.9
1619849445,2.4,4.7
1619849744,2.4,4.5
1619850045,2.7,9.0
1619850344,2.5,7.1
1619850644,2.2,6.6
1619850945,1.8,3.4
1619851244,2.0,4.8
1619851545,1.8,3.0
1619851844,2.2,3.4
1619852144,2.2,5.1
1619852445,1.8,2.8
1619852744,2.0,3.4
1619853044,1.9,2.7
1619853345,1.9,2.7
1619853644,1.8,4.0
1619853945,1.8,2.7
1619854244,1.6,3.1
1619854544,1.6,2.6
1619854845,1.9,2.6
1619855144,2.5,7.8
1619855444,2.6,5.7
1619855744,2.6,6.2
1619856044,2.8,4.5
1619856345,2.6,6.2
1619856644,2.7,4.7
1619856945,2.3,5.2
1619857244,2.6,4.0
1619857545,2.8,3.8
1619857844,2.8,4.1
1619858144,2.9,5.0
1619858444,2.4,3.8
1619858744,2.9,4.5
1619859045,3.6,7.0
1619859344,3.5,5.2
1619859645,3.2,5.7
1619859944,3.0,4.4
1619860244,3.1,5.4
1619860544,2.8,4.0
1619860844,2.8,3.7
1619861145,2.6,3.4
1619861444,2.6,3.7
1619861744,3.0,4.3
1619862045,2.8,4.0
1619862344,2.4,2.7
1619862645,2.3,3.1
1619862944,2.5,4.2
1619863245,2.4,4.2
1619863544,2.4,2.6
1619863845,2.4,3.4
1619864144,2.5,3.4
1619864445,2.1,2.3
1619864744,2.3,2.5
1619865044,2.4,3.1
1619865344,2.4,2.6
1619865644,2.1,3.0
1619865944,2.3,2.5
1619866244,2.2,2.6
1619866545,2.5,2.8
1619866844,2.1,2.4
1619867145,2.3,2.8
1619867444,2.2,2.8
1619867745,2.4,2.9
1619868044,2.3,2.8
1619868345,2.3,2.7
1619868644,2.2,3.1
1619868944,2.3,3.1
1619869244,2.3,2.7
1619869544,2.1,2.4
1619869844,2.3,3.0
1619870144,2.4,2.6
1619870445,2.2,4.2
1619870744,2.4,3.9
1619871045,2.5,3.7
1619871344,2.8,12.7
1619871645,2.7,4.6
1619871944,2.6,4.9
1619872245,2.4,4.3
1619872544,2.2,4.4
1619872845,2.7,5.1
1619873144,2.8,6.3
1619873445,2.8,5.8
1619873744,2.9,4.5
1619874045,2.3,4.0
1619874344,3.1,5.6
1619874645,3.0,8.1
1619874944,2.8,6.6
1619875245,3.0,5.8
1619875544,2.9,5.4
1619875845,3.4,6.7
1619876144,4.4,6.7
1619876444,4.8,6.4
1619876744,4.0,5.7
1619877044,4.3,6.5
1619877344,4.8,8.4
1619877645,4.5,7.6
1619877944,4.8,8.1
1619878244,3.6,5.7
1619878544,3.4,5.3
1619878844,3.1,4.2
1619879144,3.0,4.9
1619879444,2.7,5.0
1619879744,2.6,6.3
1619880044,2.6,6.1
1619880344,2.6,3.8
1619880644,2.6,4.1
1619880945,2.6,4.8
1619881244,2.6,3.4
1619881545,2.7,4.0
1619881844,2.5,3.7
1619882145,2.4,4.0
1619882444,2.3,4.9
1619882745,2.3,3.4
1619883044,2.4,3.5
1619883344,2.3,2.6
1619883644,2.5,4.2
1619883944,2.3,3.1
1619884244,2.1,2.6
1619884544,2.0,2.2
1619884845,2.1,2.6
1619885144,2.3,4.7
1619885445,2.1,2.7
1619885744,2.2,4.3
1619886044,2.4,4.0
1619886344,2.2,2.9
1619886644,2.1,4.0
1619886944,2.5,5.0
1619887244,2.8,7.0
1619887544,2.6,6.2
1619887844,2.5,6.2
1619888145,2.6,5.8
1619888444,2.5,4.6
1619888745,2.6,4.1
1619889044,2.6,3.1
1619889344,2.3,3.1
1619889644,2.7,3.6
1619889944,2.4,4.7
1619890245,2.3,3.8
1619890544,2.3,3.1
1619890845,2.5,4.1
1619891144,2.3,3.4
1619891445,2.6,4.1
1619891744,2.5,3.5
1619892044,2.6,2.9
1619892344,2.5,3.2
1619892644,2.4,3.2
1619892945,2.2,3.5
1619893244,2.4,2.6
1619893545,2.3,3.0
1619893844,2.3,3.6
1619894144,2.4,3.4
1619894444,2.4,2.9
1619894744,2.4,2.8
1619895044,2.6,3.1
1619895344,2.4,3.5
1619895645,2.6,3.3
1619895944,2.1,2.4
1619896244,2.4,2.6
1619896544,2.2,2.7
1619896844,2.6,3.3
1619897145,2.5,2.8
1619897444,2.7,3.2
1619897744,2.5,3.4
1619898044,2.9,4.2
1619898344,2.8,3.5
1619898645,2.4,2.9
1619898944,2.9,3.3
1619899245,2.9,3.4
1619899544,3.0,3.3
1619899844,2.8,3.1
1619900145,3.0,3.4
1619900444,2.9,3.8
1619900744,3.3,4.4
1619901045,3.0,3.7
1619901344,3.4,4.1
1619901645,3.4,4.2
1619901944,3.7,4.3
1619902244,3.4,4.3
1619902545,3.6,4.0
1619902844,3.3,3.9
1619903144,3.3,4.0
1619903445,3.5,4.1
1619903744,4.0,5.5
1619904044,3.8,5.3
1619904345,3.4,5.3
1619904644,3.9,5.2
1619904945,3.9,4.9
1619905244,19.6,26.4
1619905544,20.9,27.0
1619905845,21.0,25.6
1619906144,22.0,28.4
1619906444,21.0,25.7
1619906745,17.2,22.5
1619907044,14.0,17.9
1619907344,12.0,14.8
1619907644,10.1,13.4
1619907944,9.8,13.6
1619908244,8.9,12.2
1619908545,8.9,10.6
1619908844,8.6,10.5
1619909145,8.0,10.2
1619909444,7.7,9.9
1619909744,7.0,9.5
1619910045,6.9,8.6
1619910344,6.9,8.6
1619910644,7.2,9.4
1619910944,6.6,8.8
1619911244,6.2,8.2
1619911544,6.4,7.8
1619911845,6.2,8.7
1619912144,6.2,8.3
1619912444,6.1,7.7
1619912744,6.2,8.3
1619913045,6.3,8.4
1619913344,6.2,7.9
1619913644,6.6,8.4
1619913945,5.8,7.6
1619914244,6.1,7.3
1619914544,5.8,7.0
1619914845,6.1,7.7
1619915144,5.8,7.7
1619915444,5.7,7.6
1619915745,5.5,7.1
1619916044,5.6,7.2
1619916344,5.6,6.3
1619916644,5.5,8.0
1619916944,5.9,8.0
1619917245,5.6,7.2
1619917544,5.4,7.4
1619917844,5.3,6.6
1619918144,5.7,6.8
1619918445,5.6,6.9
1619918744,5.5,6.4
1619919044,5.7,7.2
1619919345,5.4,6.9
1619919644,5.6,6.6
1619919944,5.5,6.8
1619920244,5.8,6.9
1619920545,5.7,6.7
1619920844,5.7,8.7
1619921144,5.0,6.1
1619921445,5.5,6.6
1619921744,5.6,6.6
1619922044,5.8,8.0
1619922344,6.0,7.5
1619922645,5.7,7.0
1619922945,5.6,7.3
1619923244,6.1,6.9
1619923544,5.5,7.0
1619923845,5.5,6.8
1619924144,5.7,7.8
1619924444,5.7,7.8
1619924744,5.8,8.5
1619925045,5.8,6.5
1619925344,5.5,7.5
1619925644,5.4,7.3
1619925944,5.8,7.5
1619926245,5.4,7.3
1619926544,5.7,7.2
1619926844,5.5,7.0
1619927145,5.6,7.5
1619927444,5.1,6.3
1619927744,5.1,6.8
1619928044,5.4,8.3
1619928345,5.5,6.6
1619928644,5.2,6.5
1619928944,5.3,6.8
1619929244,5.4,7.1
1619929545,5.1,7.1
1619929845,5.1,6.5
1619930144,4.6,5.7
1619930444,5.0,6.1
1619930745,4.6,6.0
1619931045,4.3,6.0
1619931344,4.5,6.3
1619931644,4.7,6.1
1619931944,4.6,6.8
1619932245,4.3,5.9
1619932544,4.5,6.7
1619932844,4.5,5.4
1619933144,4.1,5.3
1619933445,4.1,5.6
1619933744,3.9,5.3
1619934044,4.2,5.3
1619934344,3.8,4.7
1619934645,3.9,5.2
1619934944,4.0,5.1
1619935244,3.8,4.7
1619935544,3.8,5.7
1619935844,3.3,4.1
1619936145,3.3,4.6
1619936444,3.4,4.8
1619936744,3.1,4.7
1619937044,3.2,5.2
1619937345,3.4,5.3
1619937645,3.4,4.9
1619937944,3.1,4.3
1619938244,3.5,9.7
1619938544,3.1,4.1
1619938845,2.9,4.3
1619939145,3.0,3.6
1619939444,2.8,4.8
1619939744,2.7,3.6
1619940044,3.2,4.0
1619940344,3.0,3.6
1619940645,3.1,3.7
1619940944,2.8,3.7
1619941244,3.0,3.8
1619941544,3.0,3.9
1619941844,2.9,3.4
1619942145,2.7,3.2
1619942444,2.9,4.2
1619942744,2.8,5.4
1619943044,3.1,4.5
1619943344,3.0,4.1
1619943645,3.0,4.6
1619943945,3.0,3.3
1619944244,3.3,4.2
1619944544,4.4,5.4
1619944844,4.5,7.2
1619945144,4.7,7.1
1619945444,6.6,8.8
1619945745,5.7,8.1
1619946044,6.1,9.2
1619946344,5.4,9.0
1619946644,4.6,6.4
1619946944,5.0,7.2
1619947244,6.5,12.9
1619947544,6.1,13.1
1619947845,5.7,9.7
1619948144,5.0,10.0
1619948444,5.0,10.9
1619948745,4.5,8.7
1619949045,4.6,9.4
1619949344,4.4,9.7
1619949644,4.4,10.6
1619949944,4.8,10.4
1619950244,4.8,10.3
1619950545,4.5,11.3
1619950845,4.8,8.9
1619951144,4.2,7.3
1619951444,4.2,7.3
1619951744,4.3,7.4
1619952044,4.1,7.7
1619952344,4.2,7.4
1619952644,4.3,8.3
1619952945,4.1,7.8
1619953245,4.4,8.9
1619953544,3.4,5.6
1619953844,3.5,10.0
1619954144,3.8,7.8
1619954444,3.4,7.8
1619954744,3.2,6.9
1619955044,3.1,5.1
1619955344,3.1,6.8
1619955645,2.9,5.1
1619955945,3.0,7.9
1619956245,3.2,8.1
1619956545,3.3,8.3
1619956845,3.1,7.3
1619957144,2.7,6.7
1619957444,2.6,5.1
1619957744,2.4,5.0
1619958044,2.3,6.5
1619958344,2.2,4.4
1619958644,2.2,4.1
1619958944,2.9,7.5
1619959244,2.4,5.9
1619959544,2.5,3.9
1619959844,2.5,5.8
1619960144,2.5,3.6
1619960444,2.4,7.1
1619960744,2.4,4.8
1619961043,None,None
1619961344,2.4,5.7
1619961644,2.5,3.4
1619961945,2.1,3.9
1619962245,2.7,4.3
1619962545,2.5,3.9
1619962845,2.4,5.3
1619963144,2.3,3.8
1619963444,2.8,4.3
1619963744,2.4,4.5
1619964044,2.7,5.5
1619964344,2.3,4.6
1619964644,2.3,4.4
1619964944,2.1,3.1
1619965244,2.3,4.6
1619965544,2.3,5.9
1619965844,2.4,4.0
1619966144,2.3,4.9
1619966444,2.5,3.0
1619966743,None,None
1619967045,2.2,3.8
1619967345,2.3,5.2
1619967645,2.2,3.2
1619967945,2.5,4.4
1619968245,2.4,3.1
1619968545,2.7,3.3
1619968845,2.3,5.1
1619969145,2.3,3.5
1619969445,2.1,2.4
1619969745,2.2,3.4
1619970045,2.3,3.2
1619970345,2.1,2.9
1619970645,1.9,3.2
1619970945,1.9,2.2
1619971245,1.8,2.7
1619971545,1.6,2.9
1619971845,1.6,1.8
1619972145,1.7,2.9
1619972445,1.6,1.8
1619972745,1.7,2.6
1619973045,1.4,1.8
1619973345,1.5,3.9
1619973645,1.4,1.6
1619973945,1.4,1.7
1619974245,1.6,2.3
1619974545,1.5,1.8
1619974845,1.7,2.5
1619975145,1.6,2.9
1619975445,1.7,2.6
1619975745,1.6,2.9
1619976045,1.6,1.9
1619976345,1.7,2.1
1619976645,1.3,1.6
1619976945,1.3,1.7
1619977245,1.7,2.3
1619977544,1.7,3.3
1619977844,1.7,4.9
1619978143,None,None
1619978444,1.3,2.7
1619978744,1.3,2.9
1619979044,1.4,1.9
1619979344,1.4,4.0
1619979644,1.4,2.7
1619979944,1.3,2.6
1619980244,1.2,1.8
1619980544,1.3,1.6
1619980844,1.6,1.8
1619981144,1.2,1.3
1619981444,1.2,1.8
1619981744,1.3,2.4
1619982044,1.2,1.8
1619982344,1.2,1.5
1619982644,1.4,2.6
1619982944,1.3,1.6
1619983244,1.0,1.3
1619983544,1.3,1.4
1619983844,1.0,1.1
1619984144,1.1,2.6
1619984444,1.2,1.8
1619984744,1.0,1.1
1619985045,0.9,1.6
1619985345,1.3,2.0
1619985645,1.1,2.0
1619985945,0.8,2.0
1619986245,1.0,3.2
1619986545,1.0,1.9
1619986845,1.0,1.9
1619987144,1.0,4.4
1619987444,1.0,3.0
1619987744,1.1,2.3
1619988043,None,None
1619988344,1.1,4.6
1619988644,1.2,3.4
1619988944,1.2,3.4
1619989244,0.8,1.4
1619989544,0.9,1.8
1619989844,0.8,1.6
1619990144,0.9,2.3
1619990444,0.8,1.3
1619990744,0.7,1.9
1619991044,0.9,2.7
1619991344,0.7,1.2
1619991644,0.7,1.8
1619991944,0.6,0.9
1619992244,0.6,1.3
1619992544,0.7,1.3
1619992844,0.5,0.9
1619993144,0.4,0.8
1619993444,0.4,1.6
1619993744,0.5,0.8
1619994044,0.4,0.8
1619994344,0.4,1.5
1619994644,0.4,1.4
1619994945,1.0,1.9
1619995245,1.5,3.7
1619995545,1.6,3.1
1619995845,1.6,3.9
1619996145,1.7,4.3
1619996445,1.4,3.5
1619996744,1.5,3.7
1619997044,1.0,3.4
1619997344,1.1,3.8
1619997644,1.1,3.1
1619997944,0.9,2.1
1619998244,0.7,2.3
1619998544,0.7,2.4
1619998844,0.6,1.4
1619999144,0.8,2.5
1619999444,0.8,2.7
1619999744,0.7,2.3
1620000044,0.7,1.7
1620000344,1.0,3.4
1620000644,0.7,3.0
1620000944,0.6,1.5
1620001245,0.7,3.6
1620001545,0.7,1.9
1620001845,0.7,1.8
1620002145,0.7,1.4
1620002444,0.8,1.4
1620002744,0.7,1.7
1620003044,0.6,1.3
1620003344,0.6,1.3
1620003644,0.9,2.0
1620003944,0.7,1.8
1620004244,0.5,1.1
1620004544,0.6,1.0
1620004844,0.8,2.6
1620005144,0.7,2.0
1620005445,0.7,2.3
1620005745,0.5,0.9
1620006045,0.6,1.4
1620006345,0.6,1.1
1620006644,0.6,1.3
1620006944,0.5,0.9
1620007244,0.6,1.1
1620007544,0.8,2.0
1620007844,0.8,1.3
1620008144,0.5,1.2
1620008444,0.5,0.9
1620008744,0.8,1.4
1620009045,0.6,1.4
1620009345,0.5,2.5
1620009644,0.5,1.4
1620009944,0.5,1.7
1620010244,0.5,0.6
1620010544,0.6,2.1
1620010844,0.5,0.5
1620011144,0.6,1.3
1620011444,0.6,2.2
1620011745,0.6,1.8
1620012045,0.5,2.2
1620012344,0.7,2.0
1620012644,0.6,2.1
1620012944,0.6,2.4
1620013244,0.7,2.0
1620013544,0.5,1.6
1620013844,0.6,1.8
1620014145,0.7,2.2
1620014445,0.6,1.6
1620014744,0.7,1.8
1620015044,0.6,1.8
1620015344,0.5,1.7
1620015644,0.6,3.1
1620015944,0.6,1.1
1620016244,0.6,2.5
1620016545,0.7,2.7
1620016845,0.8,1.9
1620017144,0.6,2.4
1620017444,0.8,4.8
1620017744,0.9,2.9
1620018044,0.7,3.1
1620018344,0.6,3.1
1620018645,0.7,3.1
1620018945,0.5,3.2
1620019244,0.8,2.3
1620019544,0.4,0.9
1620019844,0.6,1.6
1620020144,0.5,1.9
1620020444,0.5,2.7
1620020745,0.5,1.2
1620021045,0.6,5.3
1620021344,0.4,1.7
1620021644,0.6,3.8
1620021944,0.3,1.6
1620022244,0.3,1.9
1620022544,0.5,1.0
1620022845,0.3,2.0
1620023145,0.5,1.0
1620023444,0.4,1.5
1620023744,0.7,3.0
1620024044,0.5,0.9
1620024344,0.6,1.7
1620024644,0.6,1.2
1620024945,0.5,1.1
1620025245,0.6,1.5
1620025544,0.8,2.3
1620025844,0.6,2.3
1620026144,0.6,1.3
1620026444,0.6,2.2
1620026744,0.5,1.9
1620027045,0.6,1.6
1620027344,0.5,1.8
1620027644,0.5,1.3
1620027944,0.5,1.2
1620028244,0.5,2.7
1620028545,0.6,1.4
1620028845,0.3,0.7
1620029144,0.6,0.9
1620029444,0.7,2.7
1620029744,0.5,2.3
1620030044,0.6,2.1
1620030345,0.7,2.2
1620030645,0.7,2.3
1620030944,0.6,3.0
1620031244,0.8,2.8
1620031544,0.8,5.6
1620031844,0.6,1.6
1620032145,0.8,2.6
1620032444,0.8,1.9
1620032744,0.8,3.5
1620033044,0.8,2.3
1620033344,0.8,1.9
1620033645,0.7,2.5
1620033944,0.8,3.7
1620034244,0.7,1.9
1620034545,0.7,1.2
1620034844,0.7,2.0
1620035144,0.5,1.0
1620035444,0.9,2.3
1620035744,0.9,4.8
1620036045,1.1,6.7
1620036344,1.0,4.2
1620036644,1.0,5.1
1620036944,1.1,6.6
1620037245,0.8,3.0
1620037544,1.0,4.9
1620037844,1.0,4.2
1620038144,0.9,4.2
1620038444,0.9,4.3
1620038745,1.0,3.5
1620039044,0.9,3.8
1620039344,0.8,1.9
1620039644,0.9,3.0
1620039945,1.0,5.4
1620040244,0.9,2.7
1620040544,0.9,2.8
1620040844,1.0,2.6
1620041144,0.6,2.8
1620041445,0.6,2.2
1620041744,0.6,1.3
1620042044,0.6,2.8
1620042344,0.9,2.9
1620042645,0.8,3.1
1620042944,0.8,1.8
1620043244,0.6,2.1
1620043544,0.7,5.1
1620043845,0.7,2.9
1620044144,0.6,2.2
1620044444,0.6,2.8
1620044744,0.6,2.1
1620045045,0.5,2.1
1620045345,0.5,2.6
1620045644,0.4,1.2
1620045944,0.7,2.1
1620046245,0.6,2.4
1620046544,1.0,3.8
1620046844,1.1,1.9
1620047144,0.9,3.8
1620047444,1.0,5.0
1620047745,0.8,3.2
1620048044,0.8,4.7
1620048344,0.8,4.1
1620048645,0.8,3.9
1620048944,1.0,3.7
1620049244,0.6,1.1
1620049544,0.8,2.1
1620049845,0.9,1.4
1620050144,0.8,1.3
1620050444,0.7,1.8
1620050744,1.2,4.1
1620051045,1.0,6.0
1620051344,0.8,3.0
1620051644,0.9,2.1
1620051944,1.0,2.0
1620052245,1.1,7.6
1620052544,1.0,4.8
1620052844,1.0,4.6
1620053145,1.2,3.2
1620053444,1.1,2.4
1620053744,1.3,3.3
1620054044,1.0,3.1
1620054345,1.2,3.3
1620054644,1.4,4.1
1620054944,1.6,4.2
1620055244,1.6,3.4
1620055545,1.3,2.1
1620055844,1.9,8.6
1620056144,1.6,2.1
1620056445,1.6,3.3
1620056744,2.1,4.7
1620057044,1.9,4.4
1620057344,1.9,4.2
1620057645,2.1,3.1
1620057944,1.9,3.1
1620058244,1.9,3.5
1620058545,2.0,3.2
1620058844,1.8,3.0
1620059144,2.1,5.1
1620059445,2.0,4.2
1620059744,1.8,3.0
1620060044,2.2,4.4
1620060344,2.3,3.7
1620060644,2.4,3.7
1620060944,2.3,3.1
1620061244,2.9,6.2
1620061545,2.7,4.4
1620061844,2.8,4.1
1620062144,3.3,7.1
1620062445,3.2,4.3
1620062744,3.8,5.6
1620063044,4.2,6.5
1620063344,4.0,5.9
1620063645,4.5,5.7
1620063944,4.3,5.6
1620064244,4.4,5.3
1620064545,4.7,5.9
1620064844,4.7,6.9
1620065144,4.5,6.2
1620065445,4.3,6.3
1620065744,4.8,7.2
1620066044,4.4,7.1
1620066345,4.5,5.9
1620066644,4.4,8.2
1620066944,5.0,9.1
1620067245,5.2,6.6
1620067544,4.5,5.3
1620067844,4.6,7.8
1620068145,4.2,5.4
1620068444,4.4,6.2
1620068744,4.2,5.7
1620069045,4.1,5.0
1620069344,3.8,4.4
1620069644,3.5,4.4
1620069945,3.6,4.5
1620070244,3.4,4.2
1620070544,3.7,4.7
1620070845,3.6,5.2
1620071144,3.3,5.5
1620071445,3.6,7.8
1620071744,3.6,8.5
1620072044,3.4,5.7
1620072345,3.2,14.8
1620072644,3.2,6.7
1620072944,3.4,12.3
1620073245,2.9,4.9
1620073544,3.4,7.7
1620073844,5.5,9.0
1620074145,3.8,6.8
1620074444,3.5,6.0
1620074744,3.2,6.6
1620075045,3.1,4.6
1620075344,2.9,5.4
1620075644,2.8,4.4
1620075944,2.8,4.2
1620076244,3.1,4.1
1620076545,2.8,4.6
1620076844,3.0,4.2
1620077144,2.8,4.4
1620077445,2.7,4.3
1620077744,2.8,5.2
1620078045,2.7,4.5
1620078344,2.6,4.5
1620078644,2.7,3.3
1620078945,2.2,2.8
1620079244,2.1,2.8
1620079544,2.2,3.5
1620079845,2.2,3.0
1620080144,2.1,3.2
1620080445,2.0,3.0
1620080744,2.0,2.9
1620081044,2.0,2.7
1620081345,1.8,2.0
1620081644,2.1,2.9
1620081944,1.7,2.7
1620082244,1.6,2.2
1620082544,2.0,3.0
1620082845,2.1,3.4
1620083144,2.0,2.8
1620083444,2.0,3.2
1620083744,1.9,4.8
1620084044,2.0,3.3
1620084345,2.0,3.5
1620084644,1.6,2.0
1620084945,3.5,4.7
1620085244,3.6,5.3
1620085544,3.6,4.4
1620085845,3.5,5.2
1620086144,3.7,5.5
1620086445,3.1,5.1
1620086744,2.2,3.3
1620087044,2.2,3.7
1620087344,2.4,3.7
1620087644,1.7,2.2
1620087945,2.0,3.1
1620088244,2.0,3.2
1620088544,1.7,2.5
1620088844,1.6,3.7
1620089144,1.6,2.0
1620089445,1.6,3.3
1620089744,1.4,2.2
1620090045,1.3,2.4
1620090344,1.5,2.0
1620090644,1.4,1.5
1620090944,1.3,2.9
1620091244,1.5,2.4
1620091545,1.3,1.4
1620091844,1.4,2.4
1620092144,1.2,1.7
1620092444,1.2,1.4
1620092744,1.4,1.9
1620093045,1.1,1.6
1620093344,1.2,1.6
1620093645,1.3,2.3
1620093944,1.1,1.6
1620094244,1.1,1.3
1620094544,1.3,1.9
1620094844,1.0,1.9
1620095145,1.3,1.7
1620095444,1.1,1.2
1620095745,1.2,1.6
1620096044,1.2,1.6
1620096345,1.2,1.3
1620096644,1.1,2.0
1620096945,1.2,1.5
1620097244,1.2,1.6
1620097545,1.0,1.3
1620097844,1.2,1.8
1620098144,1.3,2.2
1620098444,1.2,2.2
1620098744,1.2,1.4
1620099045,1.5,3.2
1620099344,1.1,1.5
1620099645,1.0,3.3
1620099944,1.1,1.4
1620100245,1.3,2.8
1620100544,1.2,1.9
1620100845,1.1,2.2
1620101144,1.2,2.4
1620101445,1.0,2.1
1620101744,1.1,1.9
1620102045,1.1,1.2
1620102344,1.0,1.1
1620102644,1.3,2.1
1620102944,1.4,2.9
1620103244,1.3,3.2
1620103544,0.9,1.6
1620103844,1.3,2.4
1620104144,1.2,4.3
1620104444,1.2,2.2
1620104744,1.3,2.5
1620105044,1.3,2.9
1620105345,1.3,1.9
1620105644,1.2,3.3
1620105945,1.4,2.5
1620106244,1.3,2.5
1620106545,1.4,2.0
1620106844,1.3,1.8
1620107145,1.4,2.2
1620107444,1.2,1.8
1620107745,1.3,2.3
1620108044,1.2,2.8
1620108345,1.3,2.6
1620108644,1.2,1.4
1620108945,1.3,2.0
1620109244,1.2,1.4
1620109545,1.6,2.1
1620109844,1.8,2.0
1620110145,1.6,1.8
1620110444,1.7,1.8
1620110745,1.5,3.3
1620111044,1.6,2.1
1620111345,1.4,1.9
1620111644,1.5,2.4
1620111945,1.5,2.3
1620112244,1.1,1.2
1620112544,1.4,3.8
1620112844,1.3,1.5
1620113144,1.4,2.1
1620113444,1.4,7.4
1620113744,1.2,1.3
1620114044,1.4,1.9
1620114344,1.4,1.5
1620114644,1.0,2.5
1620114944,1.2,2.1
1620115245,1.0,1.5
1620115544,1.4,2.3
1620115845,1.2,4.3
1620116144,1.0,2.1
1620116445,1.1,2.5
1620116744,1.3,2.9
1620117045,1.0,2.5
1620117344,1.0,2.0
1620117645,1.2,4.1
1620117944,1.2,3.2
1620118245,1.2,2.1
1620118544,1.2,2.6
1620118844,1.2,2.9
1620119144,0.9,1.7
1620119444,1.2,5.2
1620119744,1.1,3.2
1620120044,1.1,2.1
1620120344,1.2,4.8
1620120644,1.3,2.8
1620120944,1.3,3.6
1620121245,1.2,3.7
1620121544,1.4,2.3
1620121845,1.3,3.2
1620122144,1.3,2.0
1620122445,1.3,2.0
1620122744,1.4,2.2
1620123044,1.5,3.9
1620123345,1.8,4.8
1620123644,1.5,4.0
1620123945,1.5,4.7
1620124244,1.5,4.3
1620124544,1.6,6.6
1620124844,1.6,5.7
1620125144,1.8,4.8
1620125445,1.2,2.2
1620125744,1.6,9.8
1620126045,1.1,2.3
1620126344,1.3,3.2
1620126644,1.4,4.0
1620126944,1.2,3.2
1620127244,1.3,5.0
1620127545,1.7,5.5
1620127844,1.5,4.7
1620128145,2.3,6.4
1620128444,2.1,5.9
1620128744,2.2,6.8
1620129044,2.0,9.7
1620129344,2.2,8.9
1620129645,1.9,6.7
1620129944,2.0,7.1
1620130245,1.7,5.1
1620130544,1.5,5.6
1620130844,1.7,4.7
1620131145,1.5,4.9
1620131444,1.6,4.8
1620131745,1.3,5.9
1620132044,1.3,5.2
1620132344,1.6,6.0
1620132645,1.3,3.8
1620132944,1.2,3.9
1620133244,1.0,2.4
1620133545,1.3,5.0
1620133844,1.3,5.4
1620134145,1.2,3.0
1620134444,1.3,6.1
1620134744,1.2,3.2
1620135045,1.4,4.3
1620135344,1.3,5.5
1620135644,0.9,4.1
1620135944,1.0,4.5
1620136244,1.0,3.5
1620136545,1.0,7.7
1620136844,0.9,4.7
1620137144,0.9,3.1
1620137444,1.0,2.1
1620137744,0.9,3.5
1620138045,0.8,2.9
1620138344,0.7,4.2
1620138644,0.8,1.8
1620138945,0.7,3.8
1620139244,0.8,5.0
1620139544,0.7,3.0
1620139844,0.7,3.2
1620140144,1.0,5.2
1620140445,0.8,2.0
1620140744,0.9,3.7
1620141044,0.9,4.9
1620141345,1.1,3.1
1620141644,0.8,4.7
1620141944,1.1,3.2
1620142245,1.0,4.7
1620142544,0.8,1.5
1620142844,1.0,2.8
1620143145,0.8,3.5
1620143444,1.3,3.1
1620143744,1.0,3.0
1620144045,0.7,2.3
1620144344,0.7,2.3
1620144644,0.6,5.0
1620144944,0.8,3.2
1620145244,1.1,4.4
1620145545,0.9,3.3
1620145844,1.0,4.2
1620146144,1.1,2.8
1620146444,0.9,3.0
1620146744,1.2,2.9
1620147044,1.0,3.4
1620147344,1.0,2.0
1620147644,1.1,2.5
1620147944,1.2,1.8
1620148245,1.2,3.3
1620148544,1.4,3.1
1620148844,1.6,4.3
1620149144,1.5,2.6
1620149444,1.4,2.7
1620149744,1.6,3.0
1620150044,1.8,3.7
1620150344,1.6,3.1
1620150644,1.3,2.1
1620150945,1.4,2.7
1620151244,1.5,1.8
1620151544,1.7,3.1
1620151844,1.7,3.4
1620152145,1.7,2.8
1620152444,2.0,4.6
1620152744,1.9,3.2
1620153044,1.8,4.6
1620153344,1.6,4.0
1620153644,1.7,3.9
1620153945,1.6,3.4
1620154244,1.4,2.4
1620154544,1.4,2.6
1620154845,1.5,4.6
1620155144,1.3,2.8
1620155444,1.7,3.0
1620155745,1.4,3.7
1620156044,1.2,3.0
1620156344,1.3,3.5
1620156645,1.4,3.2
1620156945,1.4,2.3
1620157244,1.1,1.8
1620157544,1.1,1.6
1620157845,1.1,2.8
1620158144,1.0,2.3
1620158444,1.1,2.4
1620158744,1.0,2.0
1620159045,0.9,2.5
1620159344,1.3,4.4
1620159644,1.4,3.8
1620159945,1.0,3.7
1620160244,1.1,2.7
1620160544,1.1,2.7
1620160844,0.7,1.7
1620161145,1.0,2.2
1620161444,1.0,3.3
1620161744,0.8,3.1
1620162045,0.9,2.4
1620162344,1.0,3.0
1620162644,1.0,2.2
1620162945,0.8,2.1
1620163244,0.7,2.2
1620163544,0.6,1.6
1620163844,0.8,2.8
1620164145,0.8,2.4
1620164444,0.7,2.8
1620164744,0.8,3.3
1620165045,0.6,2.6
1620165344,0.6,1.2
1620165644,0.7,2.0
1620165944,0.8,1.8
1620166245,0.8,1.4
1620166544,0.5,0.9
1620166844,1.1,3.0
1620167145,1.0,3.3
1620167444,1.3,4.2
1620167744,1.0,1.5
1620168044,1.2,3.0
1620168345,1.0,2.6
1620168644,1.0,3.0
1620168944,0.9,2.6
1620169244,0.7,2.7
1620169545,0.7,1.6
1620169844,0.8,2.4
1620170144,0.8,2.3
1620170444,0.6,1.9
1620170745,0.7,1.5
1620171044,0.7,1.2
1620171344,0.8,2.3
1620171644,0.6,2.0
1620171945,0.9,2.6
1620172244,0.7,1.5
1620172544,0.8,3.1
1620172844,0.6,1.6
1620173145,0.5,1.2
1620173444,0.5,1.7
1620173744,0.6,1.3
1620174044,0.4,0.7
1620174345,0.7,2.5
1620174644,0.6,1.1
1620174944,0.5,1.1
1620175244,0.7,2.3
1620175545,0.5,1.9
1620175844,0.5,1.0
1620176144,0.4,2.0
1620176444,0.6,0.9
1620176744,0.6,1.3
1620177045,0.6,2.3
1620177344,0.5,2.0
1620177644,0.4,1.2
1620177944,0.4,1.2
1620178245,0.5,1.0
1620178544,0.4,1.5
1620178844,0.5,1.1
1620179144,0.6,1.2
1620179444,0.5,1.6
1620179745,0.5,1.5
1620180044,0.5,1.0
1620180344,0.5,1.6
1620180644,0.6,2.0
1620180945,0.6,1.8
1620181245,0.5,1.7
1620181544,0.6,2.2
1620181844,0.5,1.4
1620182144,0.8,2.1
1620182444,0.5,1.1
1620182745,0.5,1.0
1620183045,0.7,1.5
1620183344,0.5,1.4
1620183644,0.5,1.6
1620183944,0.4,1.7
1620184245,0.5,1.5
1620184544,0.6,1.5
1620184844,0.5,1.5
1620185144,0.4,1.6
1620185445,0.5,1.5
1620185745,0.6,1.7
1620186044,0.6,2.1
1620186344,0.4,1.7
1620186644,0.5,1.5
1620186945,0.5,1.5
1620187244,0.6,2.5
1620187544,0.6,1.6
1620187844,0.6,1.7
1620188144,0.8,2.6
1620188445,0.5,1.2
1620188745,0.7,1.2
1620189044,0.6,2.0
1620189344,0.6,1.3
1620189644,0.9,2.4
1620189944,0.5,1.1
1620190245,0.6,1.5
1620190544,0.5,0.7
1620190844,0.7,1.1
1620191144,0.6,3.7
1620191445,0.7,5.2
1620191744,0.7,3.1
1620192044,0.9,3.4
1620192344,0.7,2.4
1620192644,0.6,2.8
1620192944,0.7,2.9
1620193245,0.8,2.7
1620193544,0.7,2.1
1620193844,0.7,2.1
1620194144,0.6,2.7
1620194444,0.7,2.7
1620194745,0.7,1.9
1620195045,0.7,3.1
1620195344,0.8,1.9
1620195644,0.7,2.0
1620195944,0.5,1.6
1620196244,0.6,2.5
1620196545,0.6,3.6
1620196845,0.8,2.7
1620197144,0.7,2.9
1620197444,0.8,2.7
1620197744,0.6,1.8
1620198044,0.8,2.8
1620198344,0.6,2.4
1620198645,0.8,3.2
1620198945,0.9,2.6
1620199245,0.8,2.0
1620199544,0.7,0.7
1620199844,0.6,1.8
1620200144,1.1,4.2
1620200444,0.8,1.8
1620200745,0.7,1.9
1620201045,0.7,1.7
1620201344,0.6,2.6
1620201644,0.6,2.5
1620201944,0.8,3.0
1620202244,0.9,4.3
1620202544,0.6,1.4
1620202845,0.5,1.8
1620203145,0.7,3.7
1620203445,0.5,2.8
1620203744,0.7,4.5
1620204044,0.7,4.5
1620204344,0.4,2.5
1620204644,0.5,0.9
1620204944,0.6,3.1
1620205245,0.7,3.9
1620205545,0.6,2.0
1620205844,0.6,1.7
1620206144,0.4,1.8
1620206444,0.6,1.6
1620206744,0.6,3.5
1620207044,0.5,1.6
1620207344,0.6,1.7
1620207644,0.6,2.8
1620207944,0.7,2.2
1620208244,0.5,2.6
1620208545,0.6,4.1
1620208845,0.7,2.0
1620209145,0.6,1.3
1620209445,0.5,3.0
1620209744,0.7,1.6
1620210044,0.8,2.8
1620210344,1.0,3.0
1620210644,1.1,2.8
1620210944,0.8,2.2
1620211244,0.7,1.6
1620211544,1.1,3.5
1620211844,0.9,2.2
1620212145,0.9,2.5
1620212445,0.7,2.9
1620212744,0.9,3.6
1620213044,0.9,1.8
1620213344,0.9,2.6
1620213644,0.7,2.5
1620213944,0.8,4.0
1620214244,1.0,2.5
1620214544,1.0,4.4
1620214844,1.1,6.4
1620215144,1.1,2.7
1620215444,1.1,3.8
1620215745,1.1,4.9
1620216045,0.9,2.2
1620216345,0.9,2.0
1620216645,1.0,3.7
1620216945,0.9,3.1
1620217245,0.9,2.6
1620217545,1.3,4.5
1620217845,0.7,1.1
1620218145,0.7,1.5
1620218445,0.7,2.3
1620218744,0.8,2.2
1620219044,0.7,2.3
1620219344,0.8,1.8
1620219644,0.8,4.5
1620219944,0.9,3.1
1620220244,1.2,5.0
1620220544,1.1,3.8
1620220844,0.8,2.1
1620221144,0.8,5.6
1620221444,0.9,3.3
1620221744,0.9,2.4
1620222044,0.9,4.0
1620222344,0.9,4.3
1620222644,0.9,3.1
1620222945,0.9,3.1
1620223244,0.9,1.8
1620223545,0.7,2.0
1620223845,0.5,2.0
1620224145,1.0,2.4
1620224445,0.7,3.6
1620224745,0.7,3.2
1620225045,0.7,4.0
1620225345,0.8,4.0
1620225645,0.7,3.2
1620225945,0.8,4.1
1620226245,0.6,1.4
1620226544,0.6,2.4
1620226844,0.6,2.9
1620227144,0.6,1.7
1620227444,0.7,3.1
1620227744,0.8,3.4
1620228045,0.6,1.7
1620228345,0.7,2.5
1620228645,0.6,3.1
1620228945,0.8,2.1
1620229245,0.6,1.7
1620229545,0.6,0.9
1620229845,0.6,1.0
1620230145,0.6,3.0
1620230445,0.6,1.6
1620230745,0.6,1.0
1620231045,0.4,1.4
1620231345,0.6,1.4
1620231644,0.6,0.9
1620231944,0.8,2.7
1620232244,0.6,1.0
1620232544,0.7,1.0
1620232844,0.8,1.2
1620233144,0.8,1.9
1620233444,0.8,2.1
1620233744,0.9,2.5
1620234044,0.8,1.8
1620234344,0.7,1.5
1620234644,0.6,1.6
1620234944,0.5,1.0
1620235244,0.5,0.9
1620235544,0.7,1.4
1620235845,0.5,1.6
1620236144,0.6,1.7
1620236445,0.7,2.0
1620236745,0.7,3.3
1620237045,0.6,1.1
1620237345,0.6,1.9
1620237645,0.7,1.6
1620237945,0.8,2.8
1620238245,0.6,0.7
1620238545,0.8,1.8
1620238844,0.7,1.7
1620239144,0.7,3.0
1620239444,0.8,2.5
1620239744,1.0,4.2
1620240044,1.8,8.7
1620240344,1.1,7.0
1620240644,1.6,5.4
1620240944,1.6,7.4
1620241244,1.2,5.5
1620241544,1.2,8.9
1620241844,1.2,7.3
1620242144,1.5,5.3
1620242444,1.4,4.9
1620242744,1.1,2.6
1620243044,1.2,4.2
1620243344,1.7,9.2
1620243644,1.3,8.5
1620243944,1.2,7.2
1620244244,1.0,4.1
1620244544,1.0,3.5
1620244844,1.0,6.7
1620245144,1.0,4.5
1620245445,1.0,4.9
1620245745,1.0,5.2
1620246044,1.1,3.8
1620246344,1.0,5.0
1620246644,1.2,5.1
1620246944,1.1,5.0
1620247244,1.1,4.3
1620247544,1.3,4.5
1620247844,1.1,1.9
1620248144,1.0,2.2
1620248444,1.1,3.4
1620248744,1.6,4.5
1620249044,1.0,3.5
1620249344,1.2,2.9
1620249644,1.0,3.8
1620249944,1.0,2.7
1620250245,0.8,2.5
1620250544,0.9,2.4
1620250845,0.7,1.9
1620251145,0.8,1.9
1620251445,1.1,2.3
1620251745,0.8,2.7
1620252044,1.3,3.0
1620252344,1.1,3.1
1620252644,1.0,2.7
1620252944,1.1,2.9
1620253244,1.1,3.7
1620253544,1.1,3.2
1620253844,1.0,2.1
1620254144,1.1,4.6
1620254445,1.1,4.0
1620254745,0.8,2.7
1620255045,1.1,3.4
1620255344,1.2,4.1
1620255644,1.0,4.2
1620255944,1.5,4.8
1620256244,1.1,3.3
1620256544,1.2,2.3
1620256844,0.9,2.7
1620257144,1.3,4.5
1620257444,2.2,7.0
1620257744,1.9,8.2
1620258044,2.0,4.7
1620258345,1.8,5.6
1620258645,1.9,5.4
1620258944,1.9,5.5
1620259244,1.5,4.9
1620259544,1.5,5.4
1620259844,1.4,4.6
1620260144,1.2,3.6
1620260444,1.2,2.8
1620260744,1.1,3.5
1620261045,1.4,4.5
1620261345,1.3,3.3
1620261644,1.0,2.9
1620261944,1.1,3.9
1620262244,1.1,2.3
1620262544,1.2,4.4
1620262844,1.1,3.9
1620263144,0.9,4.1
1620263444,0.8,2.1
1620263745,1.1,3.6
1620264045,0.8,2.5
1620264344,1.1,3.0
1620264644,1.0,2.9
1620264944,0.8,2.2
1620265244,1.1,2.7
1620265544,1.2,3.0
1620265844,0.9,2.5
1620266145,0.9,3.6
1620266445,0.9,2.9
1620266744,0.9,2.6
1620267044,1.0,3.6
1620267344,1.0,2.6
1620267644,0.8,2.2
1620267944,0.8,2.4
1620268244,1.0,2.3
1620268545,0.8,1.8
1620268844,0.8,2.2
1620269144,0.7,1.9
1620269444,1.0,3.0
1620269744,1.0,2.7
1620270045,1.1,3.3
1620270345,1.0,2.7
1620270644,1.4,3.6
1620270944,1.2,3.3
1620271244,1.1,3.3
1620271544,1.0,3.2
1620271844,0.9,2.3
1620272144,1.2,2.9
1620272445,0.8,1.9
1620272744,0.9,2.8
1620273044,1.0,2.8
1620273344,1.0,2.0
1620273644,1.0,4.6
1620273945,0.8,2.3
1620274244,0.9,3.2
1620274544,0.9,2.7
1620274844,0.9,2.1
1620275144,1.0,2.2
1620275444,0.9,2.7
1620275745,0.8,1.4
1620276045,1.0,2.9
1620276344,0.9,2.1
1620276644,0.7,2.6
1620276944,1.0,3.0
1620277244,1.0,2.4
1620277544,0.9,1.9
1620277845,0.8,2.9
1620278144,1.0,3.3
1620278444,0.9,2.7
1620278744,1.1,3.5
1620279044,0.7,1.9
1620279345,0.8,2.4
1620279645,0.8,2.4
1620279944,1.0,2.9
1620280244,0.8,2.5
1620280544,1.0,3.4
1620280844,0.8,1.9
1620281145,0.7,2.1
1620281445,1.1,3.6
1620281744,0.9,2.7
1620282044,0.7,1.9
1620282344,0.7,1.5
1620282645,0.8,2.1
1620282945,0.8,3.8
1620283244,0.8,2.6
1620283544,0.9,2.8
1620283844,0.8,1.6
1620284144,0.8,1.9
1620284445,0.9,2.2
1620284744,0.7,2.4
1620285044,0.6,2.0
1620285344,0.8,2.1
1620285645,0.7,1.7
1620285945,1.0,2.3
1620286244,0.7,1.7
1620286544,0.7,2.4
1620286844,0.6,1.3
1620287145,0.8,2.8
1620287444,0.7,3.7
1620287744,0.8,2.3
1620288044,0.7,1.6
1620288345,0.7,1.2
1620288645,0.6,1.7
1620288944,0.7,1.7
1620289244,0.6,1.7
1620289544,0.9,2.7
1620289845,0.7,2.8
1620290144,0.6,1.6
1620290444,0.7,2.0
1620290744,0.7,0.8
1620291045,0.8,2.0
1620291344,0.9,2.4
1620291644,0.9,3.6
1620291944,0.9,2.6
1620292244,0.8,1.3
1620292545,1.0,4.9
1620292844,0.9,1.9
1620293144,1.0,2.7
1620293444,1.1,2.4
1620293745,6.3,21.8
1620294044,4.5,17.4
1620294344,3.8,15.7
1620294644,3.5,14.8
1620294945,3.6,13.7
1620295244,3.2,10.6
1620295544,2.8,9.2
1620295845,2.5,9.6
1620296145,2.2,7.4
1620296444,2.0,6.1
1620296744,1.9,5.1
1620297045,1.6,4.5
1620297345,1.6,4.2
1620297644,1.3,4.1
1620297944,1.5,5.7
1620298245,1.9,3.8
1620298544,1.5,4.7
1620298844,1.5,3.8
1620299145,1.6,6.7
1620299444,1.4,4.7
1620299744,2.0,4.5
1620300044,1.5,2.3
1620300345,1.7,3.1
1620300644,1.8,3.3
1620300944,1.6,4.4
1620301244,1.8,4.1
1620301545,1.4,2.2
1620301844,1.7,2.1
1620302144,1.5,6.3
1620302445,1.2,4.5
1620302744,1.1,2.4
1620303044,1.2,3.3
1620303345,1.0,3.0
1620303644,1.0,1.9
1620303944,1.0,2.7
1620304244,1.1,2.4
1620304544,0.9,3.4
1620304844,0.8,1.2
1620305145,0.9,2.6
1620305444,0.8,1.8
1620305744,0.6,0.8
1620306045,0.8,1.4
1620306344,0.8,1.7
1620306644,0.8,1.4
1620306945,0.7,2.3
1620307244,0.8,4.8
1620307544,0.6,1.0
1620307845,0.7,1.7
1620308144,0.8,1.6
1620308444,0.7,0.9
1620308744,0.7,1.2
1620309045,0.6,1.8
1620309344,1.0,2.9
1620309644,0.8,1.1
1620309945,0.7,1.5
1620310244,0.6,0.9
1620310544,0.8,2.0
1620310845,0.4,0.7
1620311144,0.9,3.5
1620311444,0.6,1.0
1620311745,0.5,0.6
1620312044,0.8,2.3
1620312344,0.9,1.9
1620312644,0.7,0.8
1620312944,0.8,1.4
1620313245,0.9,2.8
1620313544,1.0,6.0
1620313844,0.9,1.3
1620314145,0.9,1.6
1620314444,1.0,1.8
1620314744,0.9,1.9
1620315045,1.0,2.1
1620315344,1.3,3.7
1620315645,1.1,3.0
1620315944,1.5,3.6
1620316244,1.4,2.6
1620316545,1.4,2.8
1620316844,1.1,2.1
1620317144,1.4,2.2
1620317445,1.3,3.6
1620317744,1.0,2.8
1620318044,1.3,2.4
1620318344,1.4,2.4
1620318644,1.4,2.2
1620318945,1.4,1.8
1620319244,1.3,2.8
1620319544,1.4,5.1
1620319845,1.1,2.4
1620320144,1.4,1.7
1620320444,1.6,3.1
1620320745,1.5,3.0
1620321044,1.4,2.5
1620321344,1.6,2.5
1620321645,1.4,1.8
1620321944,1.4,2.3
1620322244,1.5,3.2
1620322544,1.6,4.0
1620322844,1.7,3.2
1620323145,1.6,3.2
1620323444,1.6,3.2
1620323744,1.8,4.1
1620324045,1.5,2.3
1620324344,1.5,3.0
1620324645,1.6,2.6
1620324944,3.4,5.9
1620325244,3.7,5.5
1620325545,3.8,6.1
1620325844,4.2,5.5
1620326144,3.5,4.7
1620326444,3.7,4.6
1620326744,3.2,4.3
1620327045,3.2,4.7
1620327344,3.3,6.4
1620327644,3.5,7.7
1620327945,3.0,4.5
1620328244,3.1,5.5
1620328544,2.9,5.5
1620328844,2.5,5.1
1620329144,2.7,16.6
1620329445,2.4,3.6
1620329744,2.5,3.8
1620330044,2.0,3.2
1620330345,2.2,5.3
1620330644,2.3,4.0
1620330945,1.9,2.8
1620331244,2.0,3.6
1620331544,2.0,2.6
1620331845,1.8,2.4
1620332144,1.6,3.6
1620332445,1.8,2.1
1620332744,2.1,2.8
1620333044,1.5,2.1
1620333344,1.6,4.1
1620333644,1.6,2.8
1620333945,1.7,2.7
1620334244,1.7,4.0
1620334544,2.1,3.2
1620334844,2.2,5.1
1620335144,2.3,7.3
1620335445,1.9,3.0
1620335744,1.6,3.0
1620336044,1.8,2.5
1620336345,1.9,3.7
1620336644,1.6,3.6
1620336945,1.5,2.0
1620337244,1.5,1.9
1620337545,1.6,3.3
1620337844,1.6,3.7
1620338144,1.4,2.2
1620338445,1.7,3.0
1620338744,1.6,2.9
1620339045,1.7,2.2
1620339344,1.5,2.6
1620339645,1.6,2.2
1620339944,1.7,2.7
1620340245,1.3,2.1
1620340544,1.7,2.3
1620340844,1.9,2.4
1620341144,1.5,2.0
1620341444,1.4,3.0
1620341745,1.9,3.0
1620342044,1.7,3.2
1620342345,1.3,1.6
1620342644,1.4,2.1
1620342945,1.5,2.0
1620343244,4.0,5.4
1620343545,4.0,4.9
1620343844,4.1,5.2
1620344144,4.1,5.3
1620344445,4.4,5.7
1620344744,3.3,4.5
1620345045,3.0,3.4
1620345344,2.8,4.2
1620345645,2.7,3.7
1620345944,2.4,4.0
1620346244,2.1,2.7
1620346544,2.3,3.2
1620346844,1.8,3.3
1620347144,2.0,3.0
1620347444,1.7,2.8
1620347745,1.8,2.7
1620348044,1.8,2.9
1620348345,1.7,2.2
1620348644,1.6,2.1
1620348945,1.7,2.8
1620349244,1.4,2.5
1620349545,1.5,2.3
1620349844,1.8,4.0
1620350145,1.6,2.4
1620350444,1.5,2.3
1620350745,1.8,3.2
1620351044,1.7,2.6
1620351344,1.6,2.6
1620351644,1.7,2.7
1620351944,1.5,2.2
1620352244,1.4,1.5
1620352544,1.5,2.0
1620352845,1.4,1.7
1620353144,1.4,2.6
1620353444,1.5,1.6
1620353744,1.5,2.0
1620354044,1.5,2.8
1620354344,1.4,1.5
1620354644,1.4,2.0
1620354944,1.4,2.9
1620355244,1.5,3.0
1620355544,1.5,2.0
1620355844,1.4,1.5
1620356144,1.5,2.9
1620356444,1.4,2.3
1620356744,1.2,2.2
1620357044,1.6,2.7
1620357345,1.3,2.1
1620357644,1.2,1.9
1620357945,1.4,2.0
1620358244,1.3,1.5
1620358545,1.3,1.8
1620358844,1.0,1.6
1620359145,1.0,2.2
1620359444,1.0,1.7
1620359745,1.0,1.5
1620360044,1.1,2.8
1620360345,1.0,1.6
1620360644,1.0,1.8
1620360945,0.9,1.6
1620361244,0.9,1.9
1620361545,1.0,1.6
1620361844,1.0,2.0
1620362145,1.0,2.1
1620362444,1.3,2.1
1620362745,0.9,2.4
1620363044,1.0,1.7
1620363344,1.0,2.4
1620363644,1.1,3.1
1620363944,1.0,2.5
1620364244,1.1,2.7
1620364544,1.2,3.3
1620364845,0.9,2.1
1620365144,0.8,1.5
1620365445,1.0,1.7
1620365744,0.8,2.4
1620366045,0.9,3.0
1620366344,0.8,1.4
1620366645,0.7,1.5
1620366944,0.7,2.1
1620367245,0.7,1.8
1620367544,0.7,1.1
1620367844,0.7,2.2
1620368144,0.7,1.3
1620368444,0.8,2.7
1620368745,0.8,1.9
1620369044,0.6,1.0
1620369345,0.8,3.9
1620369644,0.8,1.6
1620369944,0.7,1.2
1620370244,0.7,2.3
1620370544,0.6,1.8
1620370845,0.7,1.3
1620371144,0.8,1.7
1620371445,0.8,1.9
1620371744,0.7,2.2
1620372044,0.7,1.2
1620372344,0.9,1.5
1620372644,1.0,1.9
1620372945,0.8,1.0
1620373244,0.7,1.7
1620373545,0.8,1.2
1620373844,0.7,1.5
1620374144,0.7,1.3
1620374445,0.6,4.6
1620374744,0.7,1.7
1620375045,0.8,2.0
1620375344,0.7,2.1
1620375644,0.7,1.0
1620375945,0.8,1.3
1620376244,0.8,2.1
1620376545,0.7,1.5
1620376844,0.6,1.9
1620377144,0.7,2.6
1620377445,0.8,2.4
1620377744,0.6,1.5
1620378045,0.6,2.0
1620378344,0.6,1.2
1620378644,0.7,2.2
1620378944,0.8,3.7
1620379244,0.6,1.0
1620379545,0.7,3.6
1620379844,0.7,2.1
1620380144,0.7,1.2
1620380444,0.8,1.7
1620380745,0.7,2.0
1620381044,0.9,1.9
1620381344,0.8,1.8
1620381645,0.8,1.6
1620381944,0.7,1.8
1620382245,1.0,3.8
1620382544,0.8,1.7
1620382844,0.8,2.3
1620383145,0.9,3.3
1620383444,0.9,3.8
1620383744,0.7,1.2
1620384045,0.9,4.1
1620384344,0.8,2.1
1620384645,0.8,3.2
1620384944,0.6,1.3
1620385244,0.6,1.1
1620385545,0.8,1.8
1620385844,0.7,1.2
1620386144,0.5,0.6
1620386445,0.6,0.8
1620386744,0.5,0.6
1620387045,0.5,0.6
1620387344,0.5,1.6
1620387644,0.5,0.8
1620387945,0.6,1.3
1620388244,0.6,2.2
1620388544,0.5,2.1
1620388845,0.8,4.1
1620389144,0.8,4.1
1620389444,0.6,1.9
1620389744,0.9,3.8
1620390044,0.7,2.0
1620390345,1.1,3.4
1620390644,0.8,2.4
1620390944,0.6,2.2
1620391245,0.6,1.0
1620391544,0.6,1.9
1620391844,0.9,3.3
1620392145,0.8,4.6
1620392444,0.8,3.3
1620392745,1.3,5.0
1620393044,1.8,8.2
1620393344,2.0,4.6
1620393645,2.7,9.7
1620393944,1.9,4.7
1620394244,1.4,5.1
1620394545,1.3,3.7
1620394845,1.2,3.5
1620395144,1.3,2.3
1620395444,1.0,2.3
1620395745,1.0,2.4
1620396044,0.9,2.1
1620396344,1.0,2.6
1620396645,0.9,3.1
1620396944,1.0,2.7
1620397244,0.8,2.2
1620397544,0.8,1.9
1620397845,0.9,1.8
1620398144,0.7,1.3
1620398444,0.8,1.2
1620398745,0.8,1.6
1620399045,0.7,1.5
1620399344,0.6,1.0
1620399644,0.9,1.6
1620399945,0.8,2.4
1620400244,0.7,1.0
1620400544,0.7,2.3
1620400844,0.9,1.8
1620401145,0.8,1.9
1620401444,0.8,1.5
1620401744,0.7,1.4
1620402045,0.7,2.0
1620402344,0.6,0.8
1620402644,0.9,1.9
1620402945,0.7,1.9
1620403244,0.7,1.5
1620403544,0.8,1.5
1620403844,0.6,1.2
1620404145,0.6,4.0
1620404444,0.7,1.1
1620404744,0.8,2.5
1620405045,0.7,1.4
1620405344,0.7,1.0
1620405644,0.8,1.1
1620405945,0.8,1.5
1620406244,0.8,2.8
1620406544,0.7,1.6
1620406844,1.1,3.2
1620407145,0.9,6.1
1620407444,0.8,1.9
1620407744,0.8,1.9
1620408044,0.7,0.7
1620408345,1.0,2.4
1620408644,0.8,1.9
1620408944,0.8,1.7
1620409244,0.9,1.5
1620409545,1.0,4.5
1620409844,1.2,3.3
1620410144,1.0,4.4
1620410445,1.0,3.0
1620410744,1.1,2.3
1620411044,0.9,2.0
1620411344,0.9,1.8
1620411645,0.9,3.3
1620411944,1.0,1.6
1620412244,0.9,1.6
1620412544,1.5,3.2
1620412845,3.3,6.6
1620413144,3.3,7.3
1620413444,3.2,7.1
1620413744,3.1,8.4
1620414045,2.9,5.6
1620414344,2.9,6.3
1620414644,2.8,5.7
1620414944,2.5,5.5
1620415245,2.3,3.9
1620415544,2.2,4.7
1620415844,2.4,5.3
1620416144,1.9,3.8
1620416444,1.9,4.2
1620416745,1.9,3.1
1620417044,1.5,2.2
1620417344,1.5,2.1
1620417644,1.5,4.1
1620417945,1.4,2.9
1620418244,1.3,2.6
1620418544,1.2,1.6
1620418844,1.3,2.3
1620419144,1.2,2.4
1620419445,1.1,2.3
1620419744,1.1,2.0
1620420044,1.0,2.1
1620420344,1.0,2.9
1620420645,1.0,2.2
1620420944,0.8,1.6
1620421244,0.8,1.9
1620421544,1.0,2.4
1620421845,1.1,1.3
1620422144,1.3,3.1
1620422444,1.4,2.7
1620422744,1.0,2.5
1620423045,1.0,2.8
1620423344,1.1,4.9
1620423644,1.1,5.3
1620423944,0.9,2.5
1620424244,1.1,3.1
1620424545,0.8,2.9
1620424844,0.9,2.4
1620425144,1.1,2.9
1620425444,0.8,1.6
1620425744,0.8,1.5
1620426045,0.7,0.8
1620426344,1.0,1.3
1620426644,0.7,0.8
1620426944,0.8,1.9
1620427244,0.8,1.4
1620427545,0.8,1.7
1620427844,1.7,2.3
1620428144,1.9,3.1
1620428444,1.8,2.2
1620428745,2.1,3.4
1620429045,2.1,3.7
1620429344,2.4,3.9
1620429644,1.9,3.5
1620429944,1.6,2.4
1620430245,1.2,2.5
1620430544,1.2,2.6
1620430844,1.4,2.3
1620431144,1.1,1.2
1620431444,1.1,1.5
1620431745,0.9,1.4
1620432044,1.0,3.3
1620432344,0.8,1.8
1620432644,0.7,1.2
1620432944,0.7,1.7
1620433244,0.8,1.9
1620433545,1.0,1.2
1620433844,0.9,1.1
1620434144,0.8,1.5
1620434444,0.7,1.0
1620434744,0.9,1.8
1620435045,0.9,1.9
1620435344,0.6,0.9
1620435644,0.8,2.2
1620435944,0.8,1.8
1620436244,0.7,0.8
1620436544,0.7,2.5
1620436845,0.8,1.7
1620437144,0.6,0.7
1620437444,1.0,2.2
1620437744,0.8,2.2
1620438044,0.9,1.3
1620438345,1.1,2.3
1620438645,1.1,1.4
1620438944,0.8,1.9
1620439244,1.0,1.5
1620439544,1.0,1.2
1620439844,1.1,1.8
1620440145,1.0,1.9
1620440444,1.1,2.4
1620440744,0.9,1.5
1620441044,0.9,1.7
1620441344,0.9,2.2
1620441644,1.0,2.0
1620441945,0.9,2.1
1620442244,1.0,1.4
1620442544,0.9,1.6
1620442844,0.9,2.0
1620443144,1.0,1.6
1620443445,0.9,1.2
1620443745,0.7,1.2
1620444044,0.8,1.9
1620444344,0.8,2.2
1620444644,0.9,1.5
1620444944,0.9,2.3
1620445244,0.9,2.7
1620445544,0.8,2.0
1620445845,0.8,1.2
1620446145,0.8,1.1
1620446444,0.8,1.7
1620446744,1.0,1.6
1620447044,0.8,2.1
1620447344,1.0,1.4
1620447644,0.8,1.8
1620447945,0.9,1.9
1620448244,0.9,2.6
1620448544,0.9,1.3
1620448844,0.8,2.3
1620449144,0.9,1.8
1620449444,0.8,1.5
1620449744,0.8,2.6
1620450045,1.2,2.5
1620450345,0.7,2.2
1620450645,0.8,1.9
1620450944,1.0,2.1
1620451244,0.7,1.5
1620451544,0.7,1.2
1620451844,0.8,2.9
1620452144,0.8,1.7
1620452444,0.8,1.5
1620452744,0.8,3.2
1620453045,0.9,1.7
1620453345,0.7,3.6
1620453644,0.9,1.7
1620453944,0.8,1.8
1620454244,0.8,3.5
1620454544,0.7,2.5
1620454844,0.7,1.4
1620455144,0.8,2.4
1620455444,0.8,1.4
1620455744,0.7,1.5
1620456044,0.7,2.1
1620456345,0.8,2.0
1620456645,0.8,2.7
1620456945,0.8,3.5
1620457244,0.9,2.4
1620457544,0.7,1.9
1620457844,0.8,4.1
1620458144,0.7,3.0
1620458444,0.6,4.0
1620458744,0.7,2.2
1620459044,0.5,0.8
1620459344,0.7,2.0
1620459645,0.5,1.2
1620459945,0.6,1.1
1620460245,0.5,1.2
1620460545,4.0,13.6
1620460844,4.3,17.5
1620461144,3.5,11.7
1620461444,2.6,8.6
1620461744,2.1,7.5
1620462044,2.2,5.4
1620462344,2.0,6.9
1620462644,1.7,5.1
1620462944,1.4,3.6
1620463244,1.4,3.9
1620463544,1.5,3.9
1620463844,1.2,2.5
1620464144,1.3,3.8
1620464445,1.3,6.3
1620464745,1.2,3.4
1620465045,1.6,2.9
1620465345,1.3,3.2
1620465645,1.4,3.1
1620465945,1.3,2.6
1620466245,1.3,2.0
1620466544,1.3,3.4
1620466844,1.2,2.6
1620467144,1.2,3.2
1620467444,1.1,1.6
1620467744,1.1,1.7
1620468044,1.0,1.3
1620468344,1.3,2.5
1620468644,1.3,1.9
1620468944,1.1,4.3
1620469244,0.9,2.2
1620469544,1.2,2.9
1620469844,1.2,3.3
1620470145,1.3,3.3
1620470445,1.0,1.8
1620470745,1.2,2.7
1620471045,1.0,2.1
1620471345,0.8,1.0
1620471645,0.8,1.5
1620471944,0.6,1.7
1620472245,0.8,1.8
1620472545,0.7,1.8
1620472845,0.6,1.1
1620473145,0.8,2.5
1620473445,0.8,3.3
1620473745,0.9,1.2
1620474045,0.8,3.3
1620474345,0.9,1.8
1620474645,0.9,2.1
1620474945,0.9,1.9
1620475245,0.9,3.5
1620475545,0.8,1.3
1620475845,0.7,1.5
1620476145,0.6,2.2
1620476445,0.5,1.2
1620476745,0.7,1.7
1620477045,0.7,2.5
1620477345,0.9,1.4
1620477644,0.8,2.5
1620477944,0.6,1.5
1620478244,0.8,1.5
1620478544,0.8,3.2
1620478844,0.8,4.9
1620479144,0.8,1.3
1620479444,0.6,1.0
1620479744,0.6,1.1
1620480044,0.6,1.6
1620480344,0.5,0.9
1620480644,0.7,2.1
1620480944,0.6,1.1
1620481244,0.7,1.8
1620481544,1.0,1.7
1620481844,0.9,3.1
1620482144,0.8,2.8
1620482444,0.8,5.8
1620482745,1.0,3.1
1620483045,1.0,4.1
1620483344,0.9,3.1
1620483644,0.8,3.3
1620483944,0.9,6.2
1620484244,1.3,5.1
1620484545,1.1,3.2
1620484844,0.9,3.6
1620485144,1.1,2.8
1620485444,0.9,1.9
1620485744,1.1,2.3
1620486044,1.2,2.5
1620486344,1.3,2.5
1620486644,1.4,2.3
1620486944,1.2,2.0
1620487244,1.2,2.9
1620487544,1.5,3.3
1620487844,1.5,3.7
1620488144,1.2,2.9
1620488444,1.2,2.3
1620488744,1.2,2.2
1620489044,1.3,2.3
1620489344,1.3,3.1
1620489644,1.3,3.8
1620489944,1.3,2.6
1620490244,1.2,2.1
1620490544,1.4,2.3
1620490845,1.4,3.1
1620491145,1.8,2.3
1620491445,1.4,2.8
1620491745,1.7,3.5
1620492044,1.8,4.4
1620492344,1.9,4.0
1620492644,1.8,3.2
1620492944,1.9,4.7
1620493244,2.3,3.8
1620493544,2.1,3.7
1620493844,2.2,3.0
1620494144,2.3,5.6
1620494444,2.4,4.5
1620494744,2.3,3.5
1620495044,2.5,4.0
1620495344,2.5,4.4
1620495644,2.6,3.4
1620495945,2.4,3.0
1620496245,2.7,4.1
1620496545,2.4,3.5
1620496844,2.5,3.3
1620497144,2.6,3.2
1620497444,2.5,3.7
1620497744,2.4,3.7
1620498044,2.4,3.4
1620498344,2.4,3.8
1620498644,2.6,4.1
1620498944,2.6,5.0
1620499244,2.5,4.4
1620499545,2.4,3.3
1620499845,2.1,3.0
1620500145,2.3,3.1
1620500444,2.5,6.2
1620500744,2.3,3.1
1620501044,2.2,2.8
1620501344,2.3,3.5
1620501644,2.3,3.9
1620501945,2.3,6.6
1620502245,2.4,4.2
1620502545,2.1,3.3
1620502844,2.5,3.4
1620503144,2.2,3.1
1620503444,2.2,2.8
1620503744,2.2,3.3
1620504044,2.2,3.3
1620504344,2.2,2.8
1620504645,1.9,2.2
1620504945,2.2,2.9
1620505245,2.3,3.5
1620505544,2.1,2.9
1620505844,2.0,3.2
1620506144,1.9,2.4
1620506444,1.9,3.6
1620506744,1.9,3.5
1620507045,1.9,3.0
1620507345,1.8,3.3
1620507644,1.9,3.7
1620507944,1.9,4.4
1620508244,2.0,4.8
1620508544,2.3,4.5
1620508844,1.8,2.9
1620509144,1.8,3.7
1620509445,1.9,5.1
1620509745,1.7,3.2
1620510044,2.4,4.8
1620510344,3.3,6.3
1620510644,2.9,6.7
1620510944,2.6,5.4
1620511244,2.5,4.4
1620511545,2.5,4.7
1620511845,2.7,5.7
1620512144,2.1,5.0
1620512444,2.3,5.7
1620512744,2.2,2.6
1620513045,2.0,3.7
1620513345,1.7,3.1
1620513644,1.9,2.3
1620513944,2.1,4.5
1620514244,1.6,2.0
1620514544,1.7,2.2
1620514844,1.6,2.3
1620515145,1.7,3.4
1620515444,1.7,2.2
1620515744,1.7,3.1
1620516044,1.5,2.5
1620516344,1.7,2.1
1620516645,1.5,1.7
1620516945,1.8,2.3
1620517244,1.6,2.5
1620517544,3.5,4.1
1620517844,3.4,4.3
1620518144,2.9,3.2
1620518445,3.1,3.6
1620518745,3.2,4.8
1620519044,3.1,4.3
1620519344,2.8,5.1
1620519645,2.6,3.8
1620519945,2.6,3.5
1620520244,2.3,4.0
1620520544,1.9,3.2
1620520844,2.0,2.7
1620521144,1.9,2.6
1620521445,2.1,3.3
1620521744,2.0,3.3
1620522044,1.7,2.4
1620522344,1.6,2.3
1620522644,1.6,3.2
1620522945,1.7,2.6
1620523244,1.4,2.0
1620523544,1.4,2.1
1620523844,1.4,2.0
1620524145,1.4,2.5
1620524445,1.1,1.4
1620524744,1.2,1.7
1620525044,1.3,2.3
1620525344,1.3,1.6
1620525645,1.6,5.4
1620525944,1.1,1.3
1620526244,1.4,1.9
1620526544,1.3,1.8
1620526844,1.1,1.9
1620527145,1.3,1.4
1620527444,1.3,2.1
1620527744,1.2,1.9
1620528044,1.3,2.5
1620528345,1.2,2.0
1620528644,1.3,2.3
1620528944,1.2,2.7
1620529244,1.3,2.5
1620529545,1.1,1.8
1620529845,1.1,1.2
1620530144,1.2,1.9
1620530444,1.1,2.0
1620530744,1.2,1.5
1620531045,1.0,1.3
1620531344,1.2,1.5
1620531644,1.2,4.3
1620531944,0.9,1.7
1620532244,1.0,1.1
1620532545,1.0,1.3
1620532844,1.0,1.7
1620533144,0.9,1.1
1620533444,1.0,1.6
1620533745,0.8,1.1
1620534044,0.9,1.1
1620534344,0.8,1.0
1620534644,0.8,1.0
1620534945,0.8,0.8
1620535244,0.8,1.2
1620535544,0.9,2.2
1620535844,0.8,1.0
1620536145,0.9,1.1
1620536444,1.0,2.1
1620536744,1.0,1.4
1620537044,0.8,1.0
1620537345,0.8,1.0
1620537644,0.9,1.4
1620537944,0.7,0.9
1620538245,0.7,1.0
1620538545,0.8,1.0
1620538844,0.8,1.2
1620539144,0.7,1.0
1620539445,0.7,0.8
1620539744,0.7,0.7
1620540044,0.7,1.1
1620540344,0.6,0.7
1620540645,0.7,1.0
1620540945,0.7,0.7
1620541244,0.7,1.0
1620541544,0.5,0.6
1620541845,0.5,1.1
1620542144,0.8,1.3
1620542444,0.6,0.6
1620542744,0.6,0.6
1620543045,0.5,1.0
1620543344,0.6,0.8
1620543644,0.6,0.6
1620543945,0.6,0.6
1620544244,0.6,0.9
1620544544,0.5,1.3
1620544844,0.6,0.9
1620545144,0.4,0.7
1620545444,0.3,0.4
1620545744,0.4,1.1
1620546045,0.3,0.8
1620546344,0.5,1.7
1620546644,0.5,1.4
1620546945,0.4,0.9
1620547244,0.5,1.4
1620547544,0.4,0.6
1620547845,0.5,2.6
1620548144,0.4,1.2
1620548444,0.3,1.3
1620548744,0.3,0.5
1620549045,0.4,0.8
1620549345,0.3,0.8
1620549644,0.6,1.2
1620549944,0.4,0.5
1620550245,0.6,1.8
1620550544,0.4,1.6
1620550844,0.4,0.6
1620551145,0.4,0.9
1620551444,0.4,0.5
1620551744,0.3,0.5
1620552044,0.4,1.9
1620552345,0.3,0.7
1620552644,0.4,1.3
1620552944,0.4,1.1
1620553244,0.5,1.5
1620553545,0.5,0.8
1620553844,0.8,2.7
1620554144,2.1,6.3
1620554444,2.5,8.5
1620554745,2.8,10.5
1620555044,2.7,8.8
1620555344,3.0,11.4
1620555645,2.7,10.0
1620555944,2.7,8.9
1620556244,2.3,6.8
1620556545,2.1,6.8
1620556844,1.7,5.2
1620557144,1.7,5.9
1620557445,1.5,5.7
1620557744,1.7,8.9
1620558044,1.4,4.9
1620558345,1.5,5.1
1620558644,1.4,5.0
1620558944,1.5,5.1
1620559245,1.2,3.7
1620559544,1.1,4.6
1620559844,1.1,4.1
1620560145,1.2,4.2
1620560444,1.3,5.2
1620560744,0.9,4.5
1620561045,1.0,3.3
1620561344,1.0,2.3
1620561644,1.2,6.3
1620561945,0.8,3.4
1620562244,1.3,5.9
1620562544,1.1,2.3
1620562844,1.0,4.9
1620563144,1.2,4.3
1620563445,0.7,1.7
1620563744,0.8,4.2
1620564044,0.8,3.6
1620564345,0.8,2.9
1620564644,0.8,3.2
1620564944,0.7,3.3
1620565245,0.6,2.7
1620565544,0.9,2.2
1620565844,0.8,1.3
1620566145,0.7,1.8
1620566444,0.7,1.2
1620566745,0.7,1.9
1620567044,0.9,3.2
1620567344,0.7,2.0
1620567645,0.6,2.4
1620567944,0.9,3.5
1620568245,0.7,1.8
1620568544,0.7,1.3
1620568844,0.7,2.8
1620569145,0.5,1.9
1620569444,0.7,1.1
1620569744,0.7,1.4
1620570044,0.6,1.6
1620570344,0.6,1.9
1620570645,0.6,2.7
1620570944,0.5,1.3
1620571244,0.6,0.8
1620571544,0.5,1.1
1620571844,0.5,1.0
1620572145,0.6,2.6
1620572444,0.6,0.9
1620572744,0.6,1.0
1620573044,0.5,0.5
1620573344,0.4,1.1
1620573645,0.8,2.7
1620573944,0.9,2.8
1620574244,0.8,2.7
1620574544,0.6,1.6
1620574844,0.7,2.8
1620575145,0.7,2.3
1620575444,0.8,2.8
1620575745,0.6,0.9
1620576044,0.6,2.7
1620576344,0.9,1.7
1620576645,0.7,2.8
1620576944,0.8,1.4
1620577245,0.6,0.7
1620577544,0.7,1.3
1620577844,0.7,1.5
1620578145,0.8,1.3
1620578444,0.7,3.0
1620578745,0.9,1.1
1620579044,0.8,2.8
1620579344,0.9,1.7
1620579644,0.8,1.6
1620579944,1.0,2.7
1620580245,1.0,2.5
1620580544,1.0,1.5
1620580845,1.0,3.3
1620581144,1.0,1.9
1620581444,1.0,1.7
1620581744,1.2,1.8
1620582044,1.1,3.3
1620582345,1.2,2.3
1620582644,1.3,3.1
1620582945,1.4,2.3
1620583244,1.3,1.8
1620583544,1.6,2.4
1620583845,1.8,3.2
1620584144,1.6,3.0
1620584445,1.9,3.6
1620584744,2.0,3.3
1620585045,2.0,3.7
1620585344,2.2,5.6
1620585645,2.2,9.0
1620585944,1.8,3.9
1620586245,1.8,2.4
1620586544,1.9,2.5
1620586845,2.2,5.1
1620587144,2.1,3.5
1620587445,1.9,2.6
1620587744,1.7,3.3
1620588044,2.1,3.5
1620588344,1.9,3.1
1620588644,1.8,3.2
1620588944,2.1,4.1
1620589244,1.9,2.6
1620589544,1.8,2.1
1620589844,1.8,2.5
1620590144,1.8,3.5
1620590444,1.8,3.0
1620590744,1.9,3.0
1620591044,1.9,3.4
1620591344,2.0,2.8
1620591644,1.9,3.2
1620591944,1.8,4.0
1620592244,1.9,3.5
1620592545,1.6,1.9
1620592844,1.6,3.5
1620593145,1.5,2.8
1620593444,1.4,2.1
1620593745,1.2,2.0
1620594044,1.6,4.0
1620594345,1.6,4.1
1620594644,1.4,2.7
1620594945,1.4,5.6
1620595244,1.1,2.4
1620595545,1.4,3.3
1620595844,1.4,2.8
1620596145,1.2,2.1
1620596444,1.5,4.9
1620596745,1.1,3.6
1620597044,1.1,5.6
1620597345,1.1,2.0
1620597644,1.0,1.4
1620597945,1.2,2.7
1620598244,1.2,2.4
1620598545,1.3,4.3
1620598844,1.1,1.6
1620599145,1.2,3.6
